"1","<div><b>Choose the word that matches the definition:</b><p>To leave a place, thing, or person, usually forever.</p></div>","absorb","abandon","acknowledge","acquire","","","","","","","b","","<div><h3 class=""word"">Abandon</h3><p class=""type"">verb</p><div class=""ipa""><div class=""ipa-uk""><b>UK</b><p>/əˈbæn.dən/</p></div><div class=""ipa-us""><b>US</b><p>/əˈbæn.dən/</p></div></div><p class=""cerf"">B2</p><p class=""definition"">To leave a place, thing, or person, usually forever.</p><p class=""vietnamese"">Từ bỏ, rời bỏ hoặc bỏ rơi một nơi chốn, sự việc hay con người, thường là vĩnh viễn.</p></div>"
"2","<div><b>Choose the English word that matches the meaning:</b><p>Rời bỏ.</p></div>","absorb","acknowledge","abandon","acquire","","","","","","","c","","<div><h3 class=""word"">Abandon</h3><p class=""type"">verb</p><div class=""ipa""><div class=""ipa-uk""><b>UK</b><p>/əˈbæn.dən/</p></div><div class=""ipa-us""><b>US</b><p>/əˈbæn.dən/</p></div></div><p class=""cerf"">B2</p><p class=""definition"">To leave a place, thing, or person, usually forever.</p><p class=""vietnamese"">Từ bỏ, rời bỏ hoặc bỏ rơi một nơi chốn, sự việc hay con người, thường là vĩnh viễn.</p></div>"
"3","<div><b>Choose the word that matches the definition:</b><p>To take in a liquid, gas, heat, light, or information.</p></div>","absorb","abandon","acknowledge","acquire","","","","","","","a","","<div><h3 class=""word"">Absorb</h3><p class=""type"">verb</p><div class=""ipa""><div class=""ipa-uk""><b>UK</b><p>/əbˈzɔːb/</p></div><div class=""ipa-us""><b>US</b><p>/əbˈzɔːrb/</p></div></div><p class=""cerf"">B2</p><p class=""definition"">To take in a liquid, gas, heat, light, or information.</p><p class=""vietnamese"">Thấm hút chất lỏng, khí, nhiệt, ánh sáng hoặc tiếp nhận thông tin, kiến thức.</p></div>"
"4","<div><b>Choose the English word that matches the meaning:</b><p>Thấm hút, tiếp thu.</p></div>","abandon","absorb","acknowledge","acquire","","","","","","","b","","<div><h3 class=""word"">Absorb</h3><p class=""type"">verb</p><div class=""ipa""><div class=""ipa-uk""><b>UK</b><p>/əbˈzɔːb/</p></div><div class=""ipa-us""><b>US</b><p>/əbˈzɔːrb/</p></div></div><p class=""cerf"">B2</p><p class=""definition"">To take in a liquid, gas, heat, light, or information.</p><p class=""vietnamese"">Thấm hút chất lỏng, khí, nhiệt, ánh sáng hoặc tiếp nhận thông tin, kiến thức.</p></div>"
"5","<div><b>Choose the word that matches the definition:</b><p>Existing in large quantities; more than enough.</p></div>","adequate","aggressive","ancient","abundant","","","","","","","d","","<div><h3 class=""word"">Abundant</h3><p class=""type"">adjective</p><div class=""ipa""><div class=""ipa-uk""><b>UK</b><p>/əˈbʌn.dənt/</p></div><div class=""ipa-us""><b>US</b><p>/əˈbʌn.dənt/</p></div></div><p class=""cerf"">C1</p><p class=""definition"">Existing in large quantities; more than enough.</p><p class=""vietnamese"">Có rất nhiều, dồi dào hoặc phong phú hơn mức cần thiết.</p></div>"
"6","<div><b>Choose the English word that matches the meaning:</b><p>Dồi dào, phong phú.</p></div>","abundant","adequate","aggressive","ancient","","","","","","","a","","<div><h3 class=""word"">Abundant</h3><p class=""type"">adjective</p><div class=""ipa""><div class=""ipa-uk""><b>UK</b><p>/əˈbʌn.dənt/</p></div><div class=""ipa-us""><b>US</b><p>/əˈbʌn.dənt/</p></div></div><p class=""cerf"">C1</p><p class=""definition"">Existing in large quantities; more than enough.</p><p class=""vietnamese"">Có rất nhiều, dồi dào hoặc phong phú hơn mức cần thiết.</p></div>"
"7","<div><b>Choose the word that matches the definition:</b><p>Something successful that is achieved after effort.</p></div>","acupuncture","advent","accomplishment","alkali","","","","","","","c","","<div><h3 class=""word"">Accomplishment</h3><p class=""type"">noun</p><div class=""ipa""><div class=""ipa-uk""><b>UK</b><p>/əˈkʌm.plɪʃ.mənt/</p></div><div class=""ipa-us""><b>US</b><p>/əˈkɑːm.plɪʃ.mənt/</p></div></div><p class=""cerf"">C1</p><p class=""definition"">Something successful that is achieved after effort.</p><p class=""vietnamese"">Một thành tựu hoặc việc thành công đạt được sau nhiều nỗ lực.</p></div>"
"8","<div><b>Choose the English word that matches the meaning:</b><p>Thành tựu.</p></div>","acupuncture","advent","alkali","accomplishment","","","","","","","d","","<div><h3 class=""word"">Accomplishment</h3><p class=""type"">noun</p><div class=""ipa""><div class=""ipa-uk""><b>UK</b><p>/əˈkʌm.plɪʃ.mənt/</p></div><div class=""ipa-us""><b>US</b><p>/əˈkɑːm.plɪʃ.mənt/</p></div></div><p class=""cerf"">C1</p><p class=""definition"">Something successful that is achieved after effort.</p><p class=""vietnamese"">Một thành tựu hoặc việc thành công đạt được sau nhiều nỗ lực.</p></div>"
"9","<div><b>Choose the word that matches the definition:</b><p>To accept or admit that something is true or exists.</p></div>","abandon","acknowledge","absorb","acquire","","","","","","","b","","<div><h3 class=""word"">Acknowledge</h3><p class=""type"">verb</p><div class=""ipa""><div class=""ipa-uk""><b>UK</b><p>/əkˈnɒl.ɪdʒ/</p></div><div class=""ipa-us""><b>US</b><p>/əkˈnɑː.lɪdʒ/</p></div></div><p class=""cerf"">B2</p><p class=""definition"">To accept or admit that something is true or exists.</p><p class=""vietnamese"">Thừa nhận hoặc công nhận rằng một điều gì đó là đúng, có thật hoặc tồn tại.</p></div>"
"10","<div><b>Choose the English word that matches the meaning:</b><p>Thừa nhận.</p></div>","abandon","absorb","acknowledge","acquire","","","","","","","c","","<div><h3 class=""word"">Acknowledge</h3><p class=""type"">verb</p><div class=""ipa""><div class=""ipa-uk""><b>UK</b><p>/əkˈnɒl.ɪdʒ/</p></div><div class=""ipa-us""><b>US</b><p>/əkˈnɑː.lɪdʒ/</p></div></div><p class=""cerf"">B2</p><p class=""definition"">To accept or admit that something is true or exists.</p><p class=""vietnamese"">Thừa nhận hoặc công nhận rằng một điều gì đó là đúng, có thật hoặc tồn tại.</p></div>"
"11","<div><b>Choose the word that matches the definition:</b><p>To get or obtain something, especially by effort or learning.</p></div>","acquire","abandon","absorb","acknowledge","","","","","","","a","","<div><h3 class=""word"">Acquire</h3><p class=""type"">verb</p><div class=""ipa""><div class=""ipa-uk""><b>UK</b><p>/əˈkwaɪər/</p></div><div class=""ipa-us""><b>US</b><p>/əˈkwaɪr/</p></div></div><p class=""cerf"">B2</p><p class=""definition"">To get or obtain something, especially by effort or learning.</p><p class=""vietnamese"">Có được, đạt được hoặc tiếp thu điều gì đó, thường thông qua nỗ lực hay học tập.</p></div>"
"12","<div><b>Choose the English word that matches the meaning:</b><p>Đạt được.</p></div>","abandon","acquire","absorb","acknowledge","","","","","","","b","","<div><h3 class=""word"">Acquire</h3><p class=""type"">verb</p><div class=""ipa""><div class=""ipa-uk""><b>UK</b><p>/əˈkwaɪər/</p></div><div class=""ipa-us""><b>US</b><p>/əˈkwaɪr/</p></div></div><p class=""cerf"">B2</p><p class=""definition"">To get or obtain something, especially by effort or learning.</p><p class=""vietnamese"">Có được, đạt được hoặc tiếp thu điều gì đó, thường thông qua nỗ lực hay học tập.</p></div>"
"13","<div><b>Choose the word that matches the definition:</b><p>A treatment in which thin needles are put into the body at special points.</p></div>","accomplishment","advent","alkali","acupuncture","","","","","","","d","","<div><h3 class=""word"">Acupuncture</h3><p class=""type"">noun</p><div class=""ipa""><div class=""ipa-uk""><b>UK</b><p>/ˈæk.jə.pʌŋk.tʃər/</p></div><div class=""ipa-us""><b>US</b><p>/ˈæk.jə.pʌŋk.tʃɚ/</p></div></div><p class=""cerf"">C1</p><p class=""definition"">A treatment in which thin needles are put into the body at special points.</p><p class=""vietnamese"">Phương pháp trị liệu dùng kim mảnh châm vào các điểm nhất định trên cơ thể.</p></div>"
"14","<div><b>Choose the English word that matches the meaning:</b><p>Châm cứu.</p></div>","acupuncture","accomplishment","advent","alkali","","","","","","","a","","<div><h3 class=""word"">Acupuncture</h3><p class=""type"">noun</p><div class=""ipa""><div class=""ipa-uk""><b>UK</b><p>/ˈæk.jə.pʌŋk.tʃər/</p></div><div class=""ipa-us""><b>US</b><p>/ˈæk.jə.pʌŋk.tʃɚ/</p></div></div><p class=""cerf"">C1</p><p class=""definition"">A treatment in which thin needles are put into the body at special points.</p><p class=""vietnamese"">Phương pháp trị liệu dùng kim mảnh châm vào các điểm nhất định trên cơ thể.</p></div>"
"15","<div><b>Choose the word that matches the definition:</b><p>Enough or satisfactory for a particular purpose.</p></div>","abundant","aggressive","adequate","ancient","","","","","","","c","","<div><h3 class=""word"">Adequate</h3><p class=""type"">adjective</p><div class=""ipa""><div class=""ipa-uk""><b>UK</b><p>/ˈæd.ə.kwət/</p></div><div class=""ipa-us""><b>US</b><p>/ˈæd.ə.kwət/</p></div></div><p class=""cerf"">B2</p><p class=""definition"">Enough or satisfactory for a particular purpose.</p><p class=""vietnamese"">Đủ hoặc đạt mức chấp nhận được cho một mục đích cụ thể.</p></div>"
"16","<div><b>Choose the English word that matches the meaning:</b><p>Đầy đủ.</p></div>","abundant","aggressive","ancient","adequate","","","","","","","d","","<div><h3 class=""word"">Adequate</h3><p class=""type"">adjective</p><div class=""ipa""><div class=""ipa-uk""><b>UK</b><p>/ˈæd.ə.kwət/</p></div><div class=""ipa-us""><b>US</b><p>/ˈæd.ə.kwət/</p></div></div><p class=""cerf"">B2</p><p class=""definition"">Enough or satisfactory for a particular purpose.</p><p class=""vietnamese"">Đủ hoặc đạt mức chấp nhận được cho một mục đích cụ thể.</p></div>"
"17","<div><b>Choose the word that matches the definition:</b><p>The arrival or beginning of an important event, period, or invention.</p></div>","accomplishment","advent","acupuncture","alkali","","","","","","","b","","<div><h3 class=""word"">Advent</h3><p class=""type"">noun</p><div class=""ipa""><div class=""ipa-uk""><b>UK</b><p>/ˈæd.vent/</p></div><div class=""ipa-us""><b>US</b><p>/ˈæd.vent/</p></div></div><p class=""cerf"">C1</p><p class=""definition"">The arrival or beginning of an important event, period, or invention.</p><p class=""vietnamese"">Sự xuất hiện, ra đời hoặc bắt đầu của một sự kiện, thời kỳ hay phát minh quan trọng.</p></div>"
"18","<div><b>Choose the English word that matches the meaning:</b><p>Sự xuất hiện, ra đời.</p></div>","accomplishment","acupuncture","advent","alkali","","","","","","","c","","<div><h3 class=""word"">Advent</h3><p class=""type"">noun</p><div class=""ipa""><div class=""ipa-uk""><b>UK</b><p>/ˈæd.vent/</p></div><div class=""ipa-us""><b>US</b><p>/ˈæd.vent/</p></div></div><p class=""cerf"">C1</p><p class=""definition"">The arrival or beginning of an important event, period, or invention.</p><p class=""vietnamese"">Sự xuất hiện, ra đời hoặc bắt đầu của một sự kiện, thời kỳ hay phát minh quan trọng.</p></div>"
"19","<div><b>Choose the word that matches the definition:</b><p>Behaving in an angry or forceful way that may threaten others.</p></div>","aggressive","abundant","adequate","ancient","","","","","","","a","","<div><h3 class=""word"">Aggressive</h3><p class=""type"">adjective</p><div class=""ipa""><div class=""ipa-uk""><b>UK</b><p>/əˈɡres.ɪv/</p></div><div class=""ipa-us""><b>US</b><p>/əˈɡres.ɪv/</p></div></div><p class=""cerf"">B2</p><p class=""definition"">Behaving in an angry or forceful way that may threaten others.</p><p class=""vietnamese"">Có thái độ hung hăng, mạnh bạo hoặc dễ gây hấn với người khác.</p></div>"
"20","<div><b>Choose the English word that matches the meaning:</b><p>Hung hăng.</p></div>","abundant","aggressive","adequate","ancient","","","","","","","b","","<div><h3 class=""word"">Aggressive</h3><p class=""type"">adjective</p><div class=""ipa""><div class=""ipa-uk""><b>UK</b><p>/əˈɡres.ɪv/</p></div><div class=""ipa-us""><b>US</b><p>/əˈɡres.ɪv/</p></div></div><p class=""cerf"">B2</p><p class=""definition"">Behaving in an angry or forceful way that may threaten others.</p><p class=""vietnamese"">Có thái độ hung hăng, mạnh bạo hoặc dễ gây hấn với người khác.</p></div>"
"21","<div><b>Choose the word that matches the definition:</b><p>A chemical substance that has a pH greater than seven.</p></div>","accomplishment","acupuncture","advent","alkali","","","","","","","d","","<div><h3 class=""word"">Alkali</h3><p class=""type"">noun</p><div class=""ipa""><div class=""ipa-uk""><b>UK</b><p>/ˈæl.kəl.aɪ/</p></div><div class=""ipa-us""><b>US</b><p>/ˈæl.kəl.aɪ/</p></div></div><p class=""cerf"">C2</p><p class=""definition"">A chemical substance that has a pH greater than seven.</p><p class=""vietnamese"">Một chất hóa học có tính kiềm, thường có độ pH lớn hơn 7.</p></div>"
"22","<div><b>Choose the English word that matches the meaning:</b><p>Chất kiềm.</p></div>","alkali","accomplishment","acupuncture","advent","","","","","","","a","","<div><h3 class=""word"">Alkali</h3><p class=""type"">noun</p><div class=""ipa""><div class=""ipa-uk""><b>UK</b><p>/ˈæl.kəl.aɪ/</p></div><div class=""ipa-us""><b>US</b><p>/ˈæl.kəl.aɪ/</p></div></div><p class=""cerf"">C2</p><p class=""definition"">A chemical substance that has a pH greater than seven.</p><p class=""vietnamese"">Một chất hóa học có tính kiềm, thường có độ pH lớn hơn 7.</p></div>"
"23","<div><b>Choose the word that matches the definition:</b><p>A condition that makes someone ill after contact with a particular substance.</p></div>","accomplishment","acupuncture","allergy","advent","","","","","","","c","","<div><h3 class=""word"">Allergy</h3><p class=""type"">noun</p><div class=""ipa""><div class=""ipa-uk""><b>UK</b><p>/ˈæl.ə.dʒi/</p></div><div class=""ipa-us""><b>US</b><p>/ˈæl.ɚ.dʒi/</p></div></div><p class=""cerf"">B2</p><p class=""definition"">A condition that makes someone ill after contact with a particular substance.</p><p class=""vietnamese"">Tình trạng cơ thể phản ứng bất thường hoặc bị bệnh khi tiếp xúc với một chất nào đó.</p></div>"
"24","<div><b>Choose the English word that matches the meaning:</b><p>Dị ứng.</p></div>","accomplishment","acupuncture","advent","allergy","","","","","","","d","","<div><h3 class=""word"">Allergy</h3><p class=""type"">noun</p><div class=""ipa""><div class=""ipa-uk""><b>UK</b><p>/ˈæl.ə.dʒi/</p></div><div class=""ipa-us""><b>US</b><p>/ˈæl.ɚ.dʒi/</p></div></div><p class=""cerf"">B2</p><p class=""definition"">A condition that makes someone ill after contact with a particular substance.</p><p class=""vietnamese"">Tình trạng cơ thể phản ứng bất thường hoặc bị bệnh khi tiếp xúc với một chất nào đó.</p></div>"
"25","<div><b>Choose the word that matches the definition:</b><p>An animal that can live both on land and in water.</p></div>","accomplishment","amphibian","acupuncture","advent","","","","","","","b","","<div><h3 class=""word"">Amphibian</h3><p class=""type"">noun</p><div class=""ipa""><div class=""ipa-uk""><b>UK</b><p>/æmˈfɪb.i.ən/</p></div><div class=""ipa-us""><b>US</b><p>/æmˈfɪb.i.ən/</p></div></div><p class=""cerf"">C1</p><p class=""definition"">An animal that can live both on land and in water.</p><p class=""vietnamese"">Động vật có thể sống cả trên cạn và dưới nước, như ếch hoặc kỳ nhông.</p></div>"
"26","<div><b>Choose the English word that matches the meaning:</b><p>Động vật lưỡng cư.</p></div>","accomplishment","acupuncture","amphibian","advent","","","","","","","c","","<div><h3 class=""word"">Amphibian</h3><p class=""type"">noun</p><div class=""ipa""><div class=""ipa-uk""><b>UK</b><p>/æmˈfɪb.i.ən/</p></div><div class=""ipa-us""><b>US</b><p>/æmˈfɪb.i.ən/</p></div></div><p class=""cerf"">C1</p><p class=""definition"">An animal that can live both on land and in water.</p><p class=""vietnamese"">Động vật có thể sống cả trên cạn và dưới nước, như ếch hoặc kỳ nhông.</p></div>"
"27","<div><b>Choose the word that matches the definition:</b><p>The surgical removal of an arm, leg, finger, or toe.</p></div>","amputation","accomplishment","acupuncture","advent","","","","","","","a","","<div><h3 class=""word"">Amputation</h3><p class=""type"">noun</p><div class=""ipa""><div class=""ipa-uk""><b>UK</b><p>/ˌæm.pjəˈteɪ.ʃən/</p></div><div class=""ipa-us""><b>US</b><p>/ˌæm.pjəˈteɪ.ʃən/</p></div></div><p class=""cerf"">C2</p><p class=""definition"">The surgical removal of an arm, leg, finger, or toe.</p><p class=""vietnamese"">Việc phẫu thuật cắt bỏ một bộ phận cơ thể như tay, chân, ngón tay hoặc ngón chân.</p></div>"
"28","<div><b>Choose the English word that matches the meaning:</b><p>Phẫu thuật cắt bỏ.</p></div>","accomplishment","amputation","acupuncture","advent","","","","","","","b","","<div><h3 class=""word"">Amputation</h3><p class=""type"">noun</p><div class=""ipa""><div class=""ipa-uk""><b>UK</b><p>/ˌæm.pjəˈteɪ.ʃən/</p></div><div class=""ipa-us""><b>US</b><p>/ˌæm.pjəˈteɪ.ʃən/</p></div></div><p class=""cerf"">C2</p><p class=""definition"">The surgical removal of an arm, leg, finger, or toe.</p><p class=""vietnamese"">Việc phẫu thuật cắt bỏ một bộ phận cơ thể như tay, chân, ngón tay hoặc ngón chân.</p></div>"
"29","<div><b>Choose the word that matches the definition:</b><p>Belonging to a very old period in history.</p></div>","abundant","adequate","aggressive","ancient","","","","","","","d","","<div><h3 class=""word"">Ancient</h3><p class=""type"">adjective</p><div class=""ipa""><div class=""ipa-uk""><b>UK</b><p>/ˈeɪn.ʃənt/</p></div><div class=""ipa-us""><b>US</b><p>/ˈeɪn.ʃənt/</p></div></div><p class=""cerf"">B1</p><p class=""definition"">Belonging to a very old period in history.</p><p class=""vietnamese"">Thuộc về thời kỳ rất xa xưa trong lịch sử.</p></div>"
"30","<div><b>Choose the English word that matches the meaning:</b><p>Cổ xưa.</p></div>","ancient","abundant","adequate","aggressive","","","","","","","a","","<div><h3 class=""word"">Ancient</h3><p class=""type"">adjective</p><div class=""ipa""><div class=""ipa-uk""><b>UK</b><p>/ˈeɪn.ʃənt/</p></div><div class=""ipa-us""><b>US</b><p>/ˈeɪn.ʃənt/</p></div></div><p class=""cerf"">B1</p><p class=""definition"">Belonging to a very old period in history.</p><p class=""vietnamese"">Thuộc về thời kỳ rất xa xưa trong lịch sử.</p></div>"
"31","<div><b>Choose the word that matches the definition:</b><p>A medical condition in which the blood lacks enough healthy red cells.</p></div>","accomplishment","acupuncture","anemia","advent","","","","","","","c","","<div><h3 class=""word"">Anemia</h3><p class=""type"">noun</p><div class=""ipa""><div class=""ipa-uk""><b>UK</b><p>/əˈniː.mi.ə/</p></div><div class=""ipa-us""><b>US</b><p>/əˈniː.mi.ə/</p></div></div><p class=""cerf"">C2</p><p class=""definition"">A medical condition in which the blood lacks enough healthy red cells.</p><p class=""vietnamese"">Tình trạng máu không có đủ hồng cầu khỏe mạnh hoặc hemoglobin để vận chuyển oxy.</p></div>"
"32","<div><b>Choose the English word that matches the meaning:</b><p>Thiếu máu.</p></div>","accomplishment","acupuncture","advent","anemia","","","","","","","d","","<div><h3 class=""word"">Anemia</h3><p class=""type"">noun</p><div class=""ipa""><div class=""ipa-uk""><b>UK</b><p>/əˈniː.mi.ə/</p></div><div class=""ipa-us""><b>US</b><p>/əˈniː.mi.ə/</p></div></div><p class=""cerf"">C2</p><p class=""definition"">A medical condition in which the blood lacks enough healthy red cells.</p><p class=""vietnamese"">Tình trạng máu không có đủ hồng cầu khỏe mạnh hoặc hemoglobin để vận chuyển oxy.</p></div>"
"33","<div><b>Choose the word that matches the definition:</b><p>A person who has anorexia and avoids eating enough food.</p></div>","accomplishment","anorexic","acupuncture","advent","","","","","","","b","","<div><h3 class=""word"">Anorexic</h3><p class=""type"">noun</p><div class=""ipa""><div class=""ipa-uk""><b>UK</b><p>/ˌæn.əˈrek.sɪk/</p></div><div class=""ipa-us""><b>US</b><p>/ˌæn.əˈrek.sɪk/</p></div></div><p class=""cerf"">C2</p><p class=""definition"">A person who has anorexia and avoids eating enough food.</p><p class=""vietnamese"">Người mắc chứng chán ăn hoặc ăn quá ít do rối loạn ăn uống.</p></div>"
"34","<div><b>Choose the English word that matches the meaning:</b><p>Người kén ăn.</p></div>","accomplishment","acupuncture","anorexic","advent","","","","","","","c","","<div><h3 class=""word"">Anorexic</h3><p class=""type"">noun</p><div class=""ipa""><div class=""ipa-uk""><b>UK</b><p>/ˌæn.əˈrek.sɪk/</p></div><div class=""ipa-us""><b>US</b><p>/ˌæn.əˈrek.sɪk/</p></div></div><p class=""cerf"">C2</p><p class=""definition"">A person who has anorexia and avoids eating enough food.</p><p class=""vietnamese"">Người mắc chứng chán ăn hoặc ăn quá ít do rối loạn ăn uống.</p></div>"
"35","<div><b>Choose the word that matches the definition:</b><p>A person who studies human societies, cultures, and development.</p></div>","anthropologist","accomplishment","acupuncture","advent","","","","","","","a","","<div><h3 class=""word"">Anthropologist</h3><p class=""type"">noun</p><div class=""ipa""><div class=""ipa-uk""><b>UK</b><p>/ˌæn.θrəˈpɒl.ə.dʒɪst/</p></div><div class=""ipa-us""><b>US</b><p>/ˌæn.θrəˈpɑː.lə.dʒɪst/</p></div></div><p class=""cerf"">C1</p><p class=""definition"">A person who studies human societies, cultures, and development.</p><p class=""vietnamese"">Người nghiên cứu xã hội, văn hóa, nguồn gốc và sự phát triển của con người.</p></div>"
"36","<div><b>Choose the English word that matches the meaning:</b><p>Nhà nhân loại học.</p></div>","accomplishment","anthropologist","acupuncture","advent","","","","","","","b","","<div><h3 class=""word"">Anthropologist</h3><p class=""type"">noun</p><div class=""ipa""><div class=""ipa-uk""><b>UK</b><p>/ˌæn.θrəˈpɒl.ə.dʒɪst/</p></div><div class=""ipa-us""><b>US</b><p>/ˌæn.θrəˈpɑː.lə.dʒɪst/</p></div></div><p class=""cerf"">C1</p><p class=""definition"">A person who studies human societies, cultures, and development.</p><p class=""vietnamese"">Người nghiên cứu xã hội, văn hóa, nguồn gốc và sự phát triển của con người.</p></div>"
"37","<div><b>Choose the word that matches the definition:</b><p>The ancient past, especially the time before the Middle Ages.</p></div>","accomplishment","acupuncture","advent","antiquity","","","","","","","d","","<div><h3 class=""word"">Antiquity</h3><p class=""type"">noun</p><div class=""ipa""><div class=""ipa-uk""><b>UK</b><p>/ænˈtɪk.wə.ti/</p></div><div class=""ipa-us""><b>US</b><p>/ænˈtɪk.wə.t̬i/</p></div></div><p class=""cerf"">C1</p><p class=""definition"">The ancient past, especially the time before the Middle Ages.</p><p class=""vietnamese"">Thời cổ đại hoặc những vật, di tích còn lại từ thời xa xưa.</p></div>"
"38","<div><b>Choose the English word that matches the meaning:</b><p>Cổ vật, di vật.</p></div>","antiquity","accomplishment","acupuncture","advent","","","","","","","a","","<div><h3 class=""word"">Antiquity</h3><p class=""type"">noun</p><div class=""ipa""><div class=""ipa-uk""><b>UK</b><p>/ænˈtɪk.wə.ti/</p></div><div class=""ipa-us""><b>US</b><p>/ænˈtɪk.wə.t̬i/</p></div></div><p class=""cerf"">C1</p><p class=""definition"">The ancient past, especially the time before the Middle Ages.</p><p class=""vietnamese"">Thời cổ đại hoặc những vật, di tích còn lại từ thời xa xưa.</p></div>"
"39","<div><b>Choose the word that matches the definition:</b><p>Separated by a distance, time, or difference.</p></div>","abroad","aside","apart","away","","","","","","","c","","<div><h3 class=""word"">Apart</h3><p class=""type"">adverb</p><div class=""ipa""><div class=""ipa-uk""><b>UK</b><p>/əˈpɑːt/</p></div><div class=""ipa-us""><b>US</b><p>/əˈpɑːrt/</p></div></div><p class=""cerf"">B1</p><p class=""definition"">Separated by a distance, time, or difference.</p><p class=""vietnamese"">Ở trạng thái tách rời, cách xa nhau về không gian, thời gian hoặc sự khác biệt.</p></div>"
"40","<div><b>Choose the English word that matches the meaning:</b><p>Tách rời.</p></div>","abroad","aside","away","apart","","","","","","","d","","<div><h3 class=""word"">Apart</h3><p class=""type"">adverb</p><div class=""ipa""><div class=""ipa-uk""><b>UK</b><p>/əˈpɑːt/</p></div><div class=""ipa-us""><b>US</b><p>/əˈpɑːrt/</p></div></div><p class=""cerf"">B1</p><p class=""definition"">Separated by a distance, time, or difference.</p><p class=""vietnamese"">Ở trạng thái tách rời, cách xa nhau về không gian, thời gian hoặc sự khác biệt.</p></div>"
"41","<div><b>Choose the word that matches the definition:</b><p>Except for or in addition to someone or something.</p></div>","in spite of","apart from","because of","instead of","","","","","","","b","","<div><h3 class=""word"">Apart From</h3><p class=""type"">phrase</p><div class=""ipa""><div class=""ipa-uk""><b>UK</b><p>/əˈpɑːt frəm/</p></div><div class=""ipa-us""><b>US</b><p>/əˈpɑːrt frəm/</p></div></div><p class=""cerf"">B1</p><p class=""definition"">Except for or in addition to someone or something.</p><p class=""vietnamese"">Ngoại trừ hoặc bên cạnh một người hay một điều gì đó.</p></div>"
"42","<div><b>Choose the English word that matches the meaning:</b><p>Ngoại trừ.</p></div>","in spite of","because of","apart from","instead of","","","","","","","c","","<div><h3 class=""word"">Apart From</h3><p class=""type"">phrase</p><div class=""ipa""><div class=""ipa-uk""><b>UK</b><p>/əˈpɑːt frəm/</p></div><div class=""ipa-us""><b>US</b><p>/əˈpɑːrt frəm/</p></div></div><p class=""cerf"">B1</p><p class=""definition"">Except for or in addition to someone or something.</p><p class=""vietnamese"">Ngoại trừ hoặc bên cạnh một người hay một điều gì đó.</p></div>"
"43","<div><b>Choose the word that matches the definition:</b><p>A temporary pause in breathing, especially during sleep.</p></div>","apnea","accomplishment","acupuncture","advent","","","","","","","a","","<div><h3 class=""word"">Apnea</h3><p class=""type"">noun</p><div class=""ipa""><div class=""ipa-uk""><b>UK</b><p>/ˈæp.ni.ə/</p></div><div class=""ipa-us""><b>US</b><p>/ˈæp.ni.ə/</p></div></div><p class=""cerf"">C2</p><p class=""definition"">A temporary pause in breathing, especially during sleep.</p><p class=""vietnamese"">Tình trạng tạm thời ngừng thở, đặc biệt xảy ra trong khi ngủ.</p></div>"
"44","<div><b>Choose the English word that matches the meaning:</b><p>Chứng ngưng thở khi ngủ.</p></div>","accomplishment","apnea","acupuncture","advent","","","","","","","b","","<div><h3 class=""word"">Apnea</h3><p class=""type"">noun</p><div class=""ipa""><div class=""ipa-uk""><b>UK</b><p>/ˈæp.ni.ə/</p></div><div class=""ipa-us""><b>US</b><p>/ˈæp.ni.ə/</p></div></div><p class=""cerf"">C2</p><p class=""definition"">A temporary pause in breathing, especially during sleep.</p><p class=""vietnamese"">Tình trạng tạm thời ngừng thở, đặc biệt xảy ra trong khi ngủ.</p></div>"
"45","<div><b>Choose the word that matches the definition:</b><p>The equipment used for a particular activity or purpose.</p></div>","accomplishment","acupuncture","advent","apparatus","","","","","","","d","","<div><h3 class=""word"">Apparatus</h3><p class=""type"">noun</p><div class=""ipa""><div class=""ipa-uk""><b>UK</b><p>/ˌæp.əˈreɪ.təs/</p></div><div class=""ipa-us""><b>US</b><p>/ˌæp.əˈræt̬.əs/</p></div></div><p class=""cerf"">C1</p><p class=""definition"">The equipment used for a particular activity or purpose.</p><p class=""vietnamese"">Bộ thiết bị hoặc dụng cụ được dùng cho một hoạt động hay mục đích cụ thể.</p></div>"
"46","<div><b>Choose the English word that matches the meaning:</b><p>Thiết bị.</p></div>","apparatus","accomplishment","acupuncture","advent","","","","","","","a","","<div><h3 class=""word"">Apparatus</h3><p class=""type"">noun</p><div class=""ipa""><div class=""ipa-uk""><b>UK</b><p>/ˌæp.əˈreɪ.təs/</p></div><div class=""ipa-us""><b>US</b><p>/ˌæp.əˈræt̬.əs/</p></div></div><p class=""cerf"">C1</p><p class=""definition"">The equipment used for a particular activity or purpose.</p><p class=""vietnamese"">Bộ thiết bị hoặc dụng cụ được dùng cho một hoạt động hay mục đích cụ thể.</p></div>"
"47","<div><b>Choose the word that matches the definition:</b><p>To choose someone officially for a job or responsibility.</p></div>","abandon","absorb","appoint","acknowledge","","","","","","","c","","<div><h3 class=""word"">Appoint</h3><p class=""type"">verb</p><div class=""ipa""><div class=""ipa-uk""><b>UK</b><p>/əˈpɔɪnt/</p></div><div class=""ipa-us""><b>US</b><p>/əˈpɔɪnt/</p></div></div><p class=""cerf"">B2</p><p class=""definition"">To choose someone officially for a job or responsibility.</p><p class=""vietnamese"">Chính thức chọn hoặc chỉ định ai đó vào một vị trí, công việc hay trách nhiệm.</p></div>"
"48","<div><b>Choose the English word that matches the meaning:</b><p>Bổ nhiệm.</p></div>","abandon","absorb","acknowledge","appoint","","","","","","","d","","<div><h3 class=""word"">Appoint</h3><p class=""type"">verb</p><div class=""ipa""><div class=""ipa-uk""><b>UK</b><p>/əˈpɔɪnt/</p></div><div class=""ipa-us""><b>US</b><p>/əˈpɔɪnt/</p></div></div><p class=""cerf"">B2</p><p class=""definition"">To choose someone officially for a job or responsibility.</p><p class=""vietnamese"">Chính thức chọn hoặc chỉ định ai đó vào một vị trí, công việc hay trách nhiệm.</p></div>"
"49","<div><b>Choose the word that matches the definition:</b><p>A natural ability or skill for learning or doing something.</p></div>","accomplishment","aptitude","acupuncture","advent","","","","","","","b","","<div><h3 class=""word"">Aptitude</h3><p class=""type"">noun</p><div class=""ipa""><div class=""ipa-uk""><b>UK</b><p>/ˈæp.tɪ.tʃuːd/</p></div><div class=""ipa-us""><b>US</b><p>/ˈæp.tə.tuːd/</p></div></div><p class=""cerf"">C1</p><p class=""definition"">A natural ability or skill for learning or doing something.</p><p class=""vietnamese"">Khả năng tự nhiên hoặc năng lực học và làm tốt một việc nào đó.</p></div>"
"50","<div><b>Choose the English word that matches the meaning:</b><p>Năng khiếu.</p></div>","accomplishment","acupuncture","aptitude","advent","","","","","","","c","","<div><h3 class=""word"">Aptitude</h3><p class=""type"">noun</p><div class=""ipa""><div class=""ipa-uk""><b>UK</b><p>/ˈæp.tɪ.tʃuːd/</p></div><div class=""ipa-us""><b>US</b><p>/ˈæp.tə.tuːd/</p></div></div><p class=""cerf"">C1</p><p class=""definition"">A natural ability or skill for learning or doing something.</p><p class=""vietnamese"">Khả năng tự nhiên hoặc năng lực học và làm tốt một việc nào đó.</p></div>"
"51","<div><b>Choose the word that matches the definition:</b><p>A person who studies ancient societies by examining objects and remains.</p></div>","archaeologist","accomplishment","acupuncture","advent","","","","","","","a","","<div><h3 class=""word"">Archaeologist</h3><p class=""type"">noun</p><div class=""ipa""><div class=""ipa-uk""><b>UK</b><p>/ˌɑː.kiˈɒl.ə.dʒɪst/</p></div><div class=""ipa-us""><b>US</b><p>/ˌɑːr.kiˈɑː.lə.dʒɪst/</p></div></div><p class=""cerf"">B2</p><p class=""definition"">A person who studies ancient societies by examining objects and remains.</p><p class=""vietnamese"">Người nghiên cứu các xã hội cổ xưa thông qua hiện vật, di tích và tàn tích.</p></div>"
"52","<div><b>Choose the English word that matches the meaning:</b><p>Nhà khảo cổ học.</p></div>","accomplishment","archaeologist","acupuncture","advent","","","","","","","b","","<div><h3 class=""word"">Archaeologist</h3><p class=""type"">noun</p><div class=""ipa""><div class=""ipa-uk""><b>UK</b><p>/ˌɑː.kiˈɒl.ə.dʒɪst/</p></div><div class=""ipa-us""><b>US</b><p>/ˌɑːr.kiˈɑː.lə.dʒɪst/</p></div></div><p class=""cerf"">B2</p><p class=""definition"">A person who studies ancient societies by examining objects and remains.</p><p class=""vietnamese"">Người nghiên cứu các xã hội cổ xưa thông qua hiện vật, di tích và tàn tích.</p></div>"
"53","<div><b>Choose the word that matches the definition:</b><p>An object made by a person, especially one of historical interest.</p></div>","accomplishment","acupuncture","advent","artifact","","","","","","","d","","<div><h3 class=""word"">Artifact</h3><p class=""type"">noun</p><div class=""ipa""><div class=""ipa-uk""><b>UK</b><p>/ˈɑː.tɪ.fækt/</p></div><div class=""ipa-us""><b>US</b><p>/ˈɑːr.t̬ə.fækt/</p></div></div><p class=""cerf"">C1</p><p class=""definition"">An object made by a person, especially one of historical interest.</p><p class=""vietnamese"">Đồ vật do con người tạo ra, đặc biệt là vật có giá trị lịch sử hoặc văn hóa.</p></div>"
"54","<div><b>Choose the English word that matches the meaning:</b><p>Đồ tạo tác, đồ thủ công.</p></div>","artifact","accomplishment","acupuncture","advent","","","","","","","a","","<div><h3 class=""word"">Artifact</h3><p class=""type"">noun</p><div class=""ipa""><div class=""ipa-uk""><b>UK</b><p>/ˈɑː.tɪ.fækt/</p></div><div class=""ipa-us""><b>US</b><p>/ˈɑːr.t̬ə.fækt/</p></div></div><p class=""cerf"">C1</p><p class=""definition"">An object made by a person, especially one of historical interest.</p><p class=""vietnamese"">Đồ vật do con người tạo ra, đặc biệt là vật có giá trị lịch sử hoặc văn hóa.</p></div>"
"55","<div><b>Choose the word that matches the definition:</b><p>A worker who makes things skillfully with their hands.</p></div>","accomplishment","acupuncture","artisan","advent","","","","","","","c","","<div><h3 class=""word"">Artisan</h3><p class=""type"">noun</p><div class=""ipa""><div class=""ipa-uk""><b>UK</b><p>/ˌɑː.tɪˈzæn/</p></div><div class=""ipa-us""><b>US</b><p>/ˈɑːr.t̬ə.zən/</p></div></div><p class=""cerf"">C1</p><p class=""definition"">A worker who makes things skillfully with their hands.</p><p class=""vietnamese"">Người thợ làm ra đồ vật bằng tay với kỹ năng và tay nghề cao.</p></div>"
"56","<div><b>Choose the English word that matches the meaning:</b><p>Thợ thủ công.</p></div>","accomplishment","acupuncture","advent","artisan","","","","","","","d","","<div><h3 class=""word"">Artisan</h3><p class=""type"">noun</p><div class=""ipa""><div class=""ipa-uk""><b>UK</b><p>/ˌɑː.tɪˈzæn/</p></div><div class=""ipa-us""><b>US</b><p>/ˈɑːr.t̬ə.zən/</p></div></div><p class=""cerf"">C1</p><p class=""definition"">A worker who makes things skillfully with their hands.</p><p class=""vietnamese"">Người thợ làm ra đồ vật bằng tay với kỹ năng và tay nghề cao.</p></div>"
"57","<div><b>Choose the word that matches the definition:</b><p>To put parts together or bring people together in one place.</p></div>","abandon","assemble","absorb","acknowledge","","","","","","","b","","<div><h3 class=""word"">Assemble</h3><p class=""type"">verb</p><div class=""ipa""><div class=""ipa-uk""><b>UK</b><p>/əˈsem.bəl/</p></div><div class=""ipa-us""><b>US</b><p>/əˈsem.bəl/</p></div></div><p class=""cerf"">B2</p><p class=""definition"">To put parts together or bring people together in one place.</p><p class=""vietnamese"">Lắp các bộ phận lại với nhau hoặc tập hợp người vào cùng một nơi.</p></div>"
"58","<div><b>Choose the English word that matches the meaning:</b><p>Lắp ráp.</p></div>","abandon","absorb","assemble","acknowledge","","","","","","","c","","<div><h3 class=""word"">Assemble</h3><p class=""type"">verb</p><div class=""ipa""><div class=""ipa-uk""><b>UK</b><p>/əˈsem.bəl/</p></div><div class=""ipa-us""><b>US</b><p>/əˈsem.bəl/</p></div></div><p class=""cerf"">B2</p><p class=""definition"">To put parts together or bring people together in one place.</p><p class=""vietnamese"">Lắp các bộ phận lại với nhau hoặc tập hợp người vào cùng một nơi.</p></div>"
"59","<div><b>Choose the word that matches the definition:</b><p>Confident in saying what you want or believe.</p></div>","assertive","abundant","adequate","aggressive","","","","","","","a","","<div><h3 class=""word"">Assertive</h3><p class=""type"">adjective</p><div class=""ipa""><div class=""ipa-uk""><b>UK</b><p>/əˈsɜː.tɪv/</p></div><div class=""ipa-us""><b>US</b><p>/əˈsɝː.t̬ɪv/</p></div></div><p class=""cerf"">C1</p><p class=""definition"">Confident in saying what you want or believe.</p><p class=""vietnamese"">Tự tin bày tỏ mong muốn, quan điểm hoặc niềm tin một cách rõ ràng và quyết đoán.</p></div>"
"60","<div><b>Choose the English word that matches the meaning:</b><p>Tính quyết đoán.</p></div>","abundant","assertive","adequate","aggressive","","","","","","","b","","<div><h3 class=""word"">Assertive</h3><p class=""type"">adjective</p><div class=""ipa""><div class=""ipa-uk""><b>UK</b><p>/əˈsɜː.tɪv/</p></div><div class=""ipa-us""><b>US</b><p>/əˈsɝː.t̬ɪv/</p></div></div><p class=""cerf"">C1</p><p class=""definition"">Confident in saying what you want or believe.</p><p class=""vietnamese"">Tự tin bày tỏ mong muốn, quan điểm hoặc niềm tin một cách rõ ràng và quyết đoán.</p></div>"
