31-PHRS-COLLECTION-PART07,You must __ __ __ the results honestly.,face up to,phrase,/feɪs ʌp tuː/,/feɪs ʌp tuː/,B2,To accept and deal with a difficult truth or situation.,Đối mặt và chấp nhận một sự thật hay tình huống khó khăn.,,She had to face up to her mistakes.,Cô ấy phải đối mặt với những sai lầm của mình.,"confront (đối mặt), accept (chấp nhận), deal with (xử lý)","avoid (tránh), deny (phủ nhận)"
32-PHRS-COLLECTION-PART07,The plan may __ __ if we lose support.,fall apart,phrase,/fɔːl əˈpɑːt/,/fɔːl əˈpɑːrt/,B1,To break into pieces or become unable to cope emotionally.,"Tan vỡ, rơi ra hoặc suy sụp về tinh thần.",,The old chair fell apart when I sat on it.,Chiếc ghế cũ đã gãy rời khi tôi ngồi lên.,"break apart (vỡ ra), collapse (sụp đổ), crumble (vỡ vụn)","hold together (gắn kết), stay strong (vững vàng)"
33-PHRS-COLLECTION-PART07,Do not __ __ with your homework this week.,fall behind,phrase,/fɔːl bɪˈhaɪnd/,/fɔːl bɪˈhaɪnd/,B1,To move slower than others or fail to keep up.,Bị tụt lại phía sau hoặc không theo kịp.,,I fell behind in my reading during the holidays.,Tôi bị tụt lại trong việc đọc sách vào kỳ nghỉ.,"lag behind (tụt lại), slip behind (tụt lại), be late (chậm)","keep up (theo kịp), stay ahead (đi trước)"
34-PHRS-COLLECTION-PART07,She quickly __ __ the salesman’s story.,fall for,phrase,/fɔːl fɔːr/,/fɔːl fɔːr/,B2,To fall in love with someone or believe a trick.,Phải lòng ai đó hoặc mắc bẫy một lời lừa.,,He fell for a fake online offer.,Anh ấy đã mắc bẫy một lời chào mời giả trên mạng.,"be tricked by (bị lừa bởi), be smitten with (phải lòng), believe (tin)","see through (nhận ra), resist (kháng lại)"
35-PHRS-COLLECTION-PART07,Two friends may __ __ over small misunderstandings.,fall out,phrase,/fɔːl aʊt/,/fɔːl aʊt/,B1,To have an argument or come out of a place or position.,Cãi nhau hoặc rơi ra khỏi chỗ nào.,,The keys fell out of my pocket.,Chìa khóa đã rơi khỏi túi tôi.,"argue (cãi nhau), drop out (rơi ra), separate (tách ra)","make up (làm hòa), stay in place (ở yên)"
36-PHRS-COLLECTION-PART07,The deal may __ __ if the bank refuses the loan.,fall through,phrase,/fɔːl θruː/,/fɔːl θruː/,B2,To fail to happen or be completed.,Thất bại hoặc không hoàn thành.,,Our travel plans fell through at the last minute.,Kế hoạch du lịch của chúng tôi đã đổ bể vào phút cuối.,"fail (thất bại), collapse (đổ bể), be cancelled (bị hủy)","succeed (thành công), go ahead (tiến hành)"
37-PHRS-COLLECTION-PART07,Workers began to __ __ against unfair treatment.,fight back,phrase,/faɪt bæk/,/faɪt bæk/,B2,To defend yourself or resist an attack or force.,Chống trả hoặc kháng cự lại.,,The team fought back after losing the first goal.,Đội đã chống trả sau khi bị ghi bàn trước.,"resist (kháng cự), defend (tự vệ), push back (đẩy lùi)","surrender (đầu hàng), give in (chịu thua)"
38-PHRS-COLLECTION-PART07,Sleep can help you __ __ a virus more easily.,fight off,phrase,/faɪt ɒf/,/faɪt ɑːf/,B2,To force something harmful away or resist it successfully.,Đánh bật hoặc chống lại thành công.,,I am trying to fight off a cold.,Tôi đang cố đẩy lùi một cơn cảm lạnh.,"resist (chống lại), ward off (đẩy lùi), repel (đẩy lùi)","catch (mắc phải), welcome (chào đón)"
39-PHRS-COLLECTION-PART07,You need to __ __ this math problem.,figure out,phrase,/ˈfɪɡ.ər aʊt/,/ˈfɪɡ.jɚ aʊt/,B1,To understand something or solve a problem.,Hiểu ra hoặc tìm ra cách giải quyết.,,I cannot figure out how this app works.,Tôi không thể hiểu ứng dụng này hoạt động thế nào.,"work out (tìm ra), understand (hiểu), solve (giải quyết)","misunderstand (hiểu lầm), ignore (bỏ qua)"
40-PHRS-COLLECTION-PART07,You need to __ __ the missing details before submitting.,fill in,phrase,/fɪl ɪn/,/fɪl ɪn/,A2,To complete a form or replace someone temporarily.,Điền vào mẫu đơn hoặc thay thế tạm thời cho ai đó.,,Please fill in your name on the form.,Vui lòng điền tên của bạn vào mẫu đơn.,"complete (điền đầy đủ), substitute for (thay thế), enter (ghi vào)","leave blank (để trống), remove (loại bỏ)"
41-PHRS-COLLECTION-PART07,Remember to __ __ the whole form.,fill out,phrase,/fɪl aʊt/,/fɪl aʊt/,A2,To write all the information needed on a form.,Điền đầy đủ thông tin vào mẫu đơn.,,He filled out the application online.,Anh ấy đã điền đơn đăng ký trực tuyến.,"complete (hoàn thành), fill in (điền vào), enter details (ghi chi tiết)","leave blank (để trống), skip (bỏ qua)"
42-PHRS-COLLECTION-PART07,Please __ __ the tank before we leave.,fill up,phrase,/fɪl ʌp/,/fɪl ʌp/,A2,To make something full.,Làm đầy một thứ gì đó.,,Please fill up the bottle with water.,Làm ơn đổ đầy chai nước giúp tôi.,"top up (đổ đầy thêm), make full (làm đầy), pack full (nhồi đầy)","empty (làm rỗng), drain (rút hết)"
43-PHRS-COLLECTION-PART07,I want to __ __ who left this note.,find out,phrase,/faɪnd aʊt/,/faɪnd aʊt/,A2,To discover information or learn the truth.,"Tìm ra hoặc phát hiện sự thật, thông tin.",,I found out that the train was delayed.,Tôi phát hiện ra rằng tàu bị trễ.,"discover (phát hiện), learn (tìm hiểu), uncover (khám phá)","hide (che giấu), overlook (bỏ sót)"
44-PHRS-COLLECTION-PART07,Let us __ __ the report before lunch.,finish off,phrase,/ˈfɪn.ɪʃ ɒf/,/ˈfɪn.ɪʃ ɑːf/,B1,To complete or consume the last part of something.,Hoàn thành hoặc ăn hết phần cuối cùng của thứ gì.,,We finished off the cake after dinner.,Chúng tôi đã ăn hết bánh sau bữa tối.,"complete (hoàn thành), end (kết thúc), use up (dùng hết)","start (bắt đầu), leave unfinished (để dang dở)"
45-PHRS-COLLECTION-PART07,She tried hard to __ __ with the new team.,fit in,phrase,/fɪt ɪn/,/fɪt ɪn/,A2,To belong in a group or have the right size.,Hòa nhập vào một nhóm hoặc vừa khít.,,It took time to fit in at my new school.,Tôi mất thời gian để hòa nhập ở ngôi trường mới.,"belong (thuộc về), blend in (hòa nhập), suit (vừa vặn)","stand out (nổi bật), mismatch (không vừa)"
46-PHRS-COLLECTION-PART07,The plan does not __ __ our budget.,fit into,phrase,/fɪt ˈɪn.tuː/,/fɪt ˈɪn.tuː/,B1,To be the right size for something or suit a situation.,Vừa với hoặc phù hợp với một tình huống.,,This chair fits into the small room nicely.,Chiếc ghế này vừa với căn phòng nhỏ một cách vừa vặn.,"suit (phù hợp), match (vừa với), conform to (phù hợp với)","clash with (xung đột với), be too big for (quá lớn cho)"
47-PHRS-COLLECTION-PART07,They plan to __ __ the house before selling it.,fix up,phrase,/fɪks ʌp/,/fɪks ʌp/,B1,To repair something or arrange something.,Sửa chữa hoặc sắp xếp điều gì.,,We need to fix up the old bathroom.,Chúng ta cần sửa lại phòng tắm cũ.,"repair (sửa chữa), arrange (sắp xếp), tidy up (dọn dẹp)","damage (làm hỏng), neglect (bỏ mặc)"
48-PHRS-COLLECTION-PART07,You must __ __ on every promise you make.,follow through,phrase,/ˈfɒl.əʊ θruː/,/ˈfɑː.loʊ θruː/,B2,To finish what you started or complete a plan.,Làm đến cùng hoặc hoàn tất một kế hoạch.,,Good leaders follow through on their promises.,Những nhà lãnh đạo tốt luôn thực hiện đến cùng lời hứa của mình.,"complete (hoàn thành), carry out (thực hiện), persist (kiên trì)","give up (bỏ cuộc), abandon (bỏ dở)"
49-PHRS-COLLECTION-PART07,Please __ __ with an email after the interview.,follow up,phrase,/ˈfɒl.əʊ ʌp/,/ˈfɑː.loʊ ʌp/,B2,To check or continue after the first action.,Theo dõi hoặc tiếp tục xử lý sau bước đầu.,,The doctor will follow up with a phone call next week.,Bác sĩ sẽ theo dõi bằng một cuộc gọi điện vào tuần tới.,"check on (kiểm tra), pursue (tiếp tục), continue (tiếp tục xử lý)","drop (bỏ), neglect (bỏ qua)"
50-PHRS-COLLECTION-PART07,The boys were __ __ instead of studying.,fool around,phrase,/fuːl əˈraʊnd/,/fuːl əˈraʊnd/,B1,To waste time playing or behaving in a silly way.,"Đùa nghịch hoặc lêu lổng, lãng phí thời gian.",,Stop fooling around and finish your homework.,Đừng đùa nghịch nữa và làm xong bài tập đi.,"mess around (đùa nghịch), waste time (phí thời gian), play around (chơi nghịch)","focus (tập trung), work hard (làm việc chăm chỉ)"
51-PHRS-COLLECTION-PART07,Do not __ __ if the test is harder than expected.,freak out,phrase,/friːk aʊt/,/friːk aʊt/,B2,"To become very frightened, upset, or excited.",Hoảng sợ hoặc mất bình tĩnh.,,I freaked out when I saw the spider.,Tôi hoảng sợ khi nhìn thấy con nhện.,"panic (hoảng loạn), lose control (mất kiểm soát), get upset (suy sụp)","calm down (bình tĩnh lại), relax (thư giãn)"
52-PHRS-COLLECTION-PART07,It is hard to __ __ your ideas in a noisy room.,get across,phrase,/ɡet əˈkrɒs/,/ɡet əˈkrɑːs/,B2,To communicate an idea clearly or make someone understand.,Truyền đạt rõ ràng hoặc làm ai hiểu điều gì.,,She got her point across in a few simple words.,Cô ấy đã truyền đạt ý của mình bằng vài từ đơn giản.,"communicate (truyền đạt), convey (chuyển tải), make understood (làm cho hiểu)","confuse (làm rối), obscure (làm mờ đi)"
53-PHRS-COLLECTION-PART07,Most classmates __ __ after a few weeks.,get along,phrase,/ɡet əˈlɒŋ/,/ɡet əˈlɔːŋ/,A2,To have a friendly relationship or manage well.,Hòa hợp hoặc xoay xở tốt.,,I get along well with my neighbours.,Tôi hòa hợp tốt với hàng xóm của mình.,"get on (hòa hợp), manage (xoay xở), relate well (hòa hợp tốt)","argue (cãi nhau), clash (xung đột)"
54-PHRS-COLLECTION-PART07,We used local buses to __ __ the town.,get around,phrase,/ɡet əˈraʊnd/,/ɡet əˈraʊnd/,B1,To move from place to place or avoid a problem.,Di chuyển nhiều nơi hoặc né tránh một vấn đề.,,It is easy to get around the city by bus.,Đi lại trong thành phố bằng xe buýt rất dễ.,"travel around (đi lại), avoid (tránh), move about (di chuyển)","stay still (đứng yên), face directly (đối mặt trực tiếp)"
55-PHRS-COLLECTION-PART07,I hope to __ __ for a short break this summer.,get away,phrase,/ɡet əˈweɪ/,/ɡet əˈweɪ/,A2,To leave a place or escape.,Rời đi hoặc thoát khỏi một nơi nào đó.,,We need to get away for a few days.,Chúng ta cần đi nghỉ vài ngày.,"escape (thoát), leave (rời đi), go away (đi xa)","stay (ở lại), arrive (đến)"
56-PHRS-COLLECTION-PART07,He thought he could __ __ __ being late.,get away with,phrase,/ɡet əˈweɪ wɪð/,/ɡet əˈweɪ wɪð/,B2,To do something wrong and not get punished.,Làm điều sai mà không bị phạt.,,You cannot get away with cheating forever.,Bạn không thể gian lận mãi mà không bị phạt.,"escape punishment (thoát phạt), avoid consequences (tránh hậu quả), go unpunished (không bị phạt)","be punished (bị phạt), pay for (trả giá cho)"
57-PHRS-COLLECTION-PART07,You expect to __ __ home late tonight.,get back,phrase,/ɡet bæk/,/ɡet bæk/,A2,To return to a place or recover something.,Quay lại hoặc lấy lại điều gì.,,I will get back at six o’clock.,Tôi sẽ quay lại lúc sáu giờ.,"return (trở lại), recover (lấy lại), come back (quay lại)","leave (rời đi), lose (mất)"
58-PHRS-COLLECTION-PART07,She can __ __ on a part-time salary.,get by,phrase,/ɡet baɪ/,/ɡet baɪ/,B1,To manage to live or do something with difficulty.,Xoay xở hoặc sống qua ngày dù khó khăn.,,We can get by on a small budget.,Chúng tôi có thể xoay xở với ngân sách nhỏ.,"manage (xoay xở), survive (sống sót), make do (tạm xoay xở)","thrive (phát triển mạnh), struggle less (ít chật vật hơn)"
59-PHRS-COLLECTION-PART07,Do not let failures __ __.,get down,phrase,/ɡet daʊn/,/ɡet daʊn/,B2,To make someone sad or to begin focusing seriously.,Làm ai buồn chán hoặc bắt đầu nghiêm túc làm việc.,,Bad news can get you down.,Tin xấu có thể làm bạn chán nản.,"depress (làm chán nản), sadden (làm buồn), focus seriously (nghiêm túc bắt tay vào)","cheer up (vui lên), lift (nâng tinh thần)"
60-PHRS-COLLECTION-PART07,We should __ __ before the rain starts.,get in,phrase,/ɡet ɪn/,/ɡet ɪn/,A1,To enter a place or a vehicle.,Đi vào hoặc lên một phương tiện.,,Please get in the car quickly.,Hãy nhanh chóng lên xe.,"enter (đi vào), board (lên xe), climb in (bước vào)","get out (ra ngoài), leave (rời đi)"
